{
  "id": "1559842",
  "name": "web15",
  "font_family": "iconfont",
  "css_prefix_text": "icon-",
  "description": "",
  "glyphs": [
    {
      "icon_id": "689262",
      "name": "类目 品类 分类 类别",
      "font_class": "leimupinleifenleileibie",
      "unicode": "e7f9",
      "unicode_decimal": 59385
    },
    {
      "icon_id": "1002521",
      "name": "首页",
      "font_class": "shouye",
      "unicode": "e626",
      "unicode_decimal": 58918
    },
    {
      "icon_id": "1128807",
      "name": "用户",
      "font_class": "yonghu",
      "unicode": "e7c0",
      "unicode_decimal": 59328
    },
    {
      "icon_id": "3755540",
      "name": "查找",
      "font_class": "icon-test",
      "unicode": "e616",
      "unicode_decimal": 58902
    },
    {
      "icon_id": "4933426",
      "name": "小组",
      "font_class": "xiaozu",
      "unicode": "e764",
      "unicode_decimal": 59236
    },
    {
      "icon_id": "6036303",
      "name": "主用户",
      "font_class": "user-primary",
      "unicode": "e809",
      "unicode_decimal": 59401
    },
    {
      "icon_id": "10280095",
      "name": "我的",
      "font_class": "tubiao-",
      "unicode": "e601",
      "unicode_decimal": 58881
    }
  ]
}
